{
  "model_name": "../../data/models/flower_cnn_v1",
  "training_time": 26.304323,
  "epochs": 10,
  "batch_size": 32,
  "final_metrics": {
    "loss": 0.42979171872138977,
    "compile_metrics": 0.8351648449897766
  },
  "save_time": "2025-07-21T16:09:22.983594"
}